"","av_lambda","sum_lambda","Taxonomic_group","threat_intensity_log","threat_richness","hmn_pp_v_log","n_habitats","Protected_status","Utilised","Managed","Binomial","loc_id","Body_size_log","length"
"1",0.088586893,2.126085425,"Mammals",-3.77146920971036,1,0,2,"No",0,2,"Enhydra_lutris","-128.21167_51.66528",4.37106786227174,24
"2",0.160589981,1.284719849,"Mammals",-2.81923458877748,0,0,4,"No",2,0,"Gulo_gulo","-138.670556_61.249167",4.23076966988651,8
"3",0.076585917,0.765859171,"Mammals",-0.777220346110319,2,0.155081748705282,7,"No",2,0,"Peromyscus_maniculatus","-119.566667_50.066667",1.32797162362301,10
"4",0.079566667,0.795666672,"Mammals",-0.523291113861552,6,0.326253580689821,7,"No",2,0,"Peromyscus_maniculatus","-119.883333_49.666667",1.32797162362301,10
"5",0.138351144,1.383511438,"Mammals",-0.777220346110319,2,0.155081748705282,3,"No",2,0,"Tamias_amoenus","-119.566667_50.066667",1.61320735210376,10
"6",0.039233207,0.392332074,"Mammals",-0.777220346110319,2,0.155081748705282,6,"No",2,0,"Microtus_pennsylvanicus","-119.566667_50.066667",1.56525734342021,10
"7",0.112278926,1.122789257,"Mammals",-0.777220346110319,2,0.155081748705282,3,"No",2,0,"Sorex_monticolus","-119.566667_50.066667",0.720159303405957,10
"8",0.10689499,1.068949903,"Mammals",-0.523291113861552,6,0.326253580689821,3,"No",2,0,"Tamias_amoenus","-119.883333_49.666667",1.61320735210376,10
"9",0.148536047,1.485360466,"Mammals",-0.523291113861552,6,0.326253580689821,6,"No",2,0,"Microtus_pennsylvanicus","-119.883333_49.666667",1.56525734342021,10
"10",0.078320338,0.783203383,"Mammals",-0.523291113861552,6,0.326253580689821,3,"No",2,0,"Sorex_monticolus","-119.883333_49.666667",0.720159303405957,10
"11",0.244460718,0.733382155,"Mammals",0.9844137026155,9,2.94827267568842,1,"No",2,2,"Glaucomys_sabrinus","-122.798417_49.321989",2.22010808804005,3
"12",0.174605727,0.523817181,"Mammals",0.9844137026155,9,2.94827267568842,1,"No",2,2,"Tamiasciurus_douglasii","-122.798417_49.321989",2.35218251811136,3
"13",0.096077393,0.288232179,"Mammals",-3.31651266859799,2,0,1,"No",2,0,"Dicrostonyx_groenlandicus","-122.666667_69.8",1.73559889969818,3
"14",0.284066127,0.85219838,"Mammals",-3.31651266859799,2,0,5,"No",2,0,"Microtus_oeconomus","-122.666667_69.8",1.53630587235103,3
"15",0.070332797,2.883644679,"Mammals",-1.14224361746792,1,0.0791812525191167,5,"No",0,2,"Halichoerus_grypus","-59.931111_43.934444",5.19774080418733,41
"16",0.047847392,1.961743072,"Mammals",0.0427594663596571,2,0.489303099992556,5,"No",0,2,"Halichoerus_grypus","-62.623787_44.8325",5.19774080418733,41
"17",0.240615161,1.684306127,"Mammals",0.058630043375205,7,1.57275820519505,4,"No",2,2,"Microtus_montanus","-119.666667_49.566667",1.56026539786271,7
"18",0.265293339,0.795880017,"Mammals",0.074500620390753,6,1.9093803506602,2,"No",0,0,"Sylvilagus_nuttallii","-119.676599_49.604473",2.87799871874693,3
"19",0.115364732,1.384376788,"Mammals",-2.18441150815557,0,0,1,"Yes",0,2,"Vulpes_lagopus","-93.183333_58.566667",3.55441283376475,12
"20",0.163303036,1.633030356,"Mammals",1.5134329364671,9,1.362317977102,1,"No",0,0,"Martes_pennanti","-75.23807_45.200085",3.46266747636857,10
"21",0.074955177,0.749551774,"Mammals",1.5134329364671,9,1.362317977102,3,"No",0,0,"Erethizon_dorsata","-75.23807_45.200085",3.90361787669767,10
"22",0.05862827,0.879424055,"Mammals",-0.443938228783812,1,0,7,"Yes",1,1,"Canis_lupus","-76.874151_47.166578",4.50763097841445,15
"23",0.047026482,0.705397237,"Mammals",-0.200589381212078,2,0,7,"Yes",1,1,"Canis_lupus","-74.490808_46.723904",4.50763097841445,15
"24",0.116439731,1.047957582,"Mammals",0.296688698608424,2,4.57924611186788e-05,7,"Yes",1,1,"Canis_lupus","-75.321761_46.145838",4.50763097841445,9
"25",0.073028911,0.949375848,"Mammals",0.444814084086871,3,0.193315034842828,7,"Yes",1,1,"Canis_lupus","-73.354865_46.481708",4.50763097841445,13
"26",0.044944409,0.674166135,"Mammals",0.286108313931392,3,0,7,"Yes",1,1,"Canis_lupus","-72.992232_46.96733",4.50763097841445,15
"27",0.062168147,0.932522201,"Mammals",0.868029471168149,7,0.801708046555662,7,"Yes",1,1,"Canis_lupus","-72.168755_47.006447",4.50763097841445,15
"28",0.068938224,0.896196908,"Mammals",0.19617504417662,3,0,7,"Yes",1,1,"Canis_lupus","-71.249968_47.750004",4.50763097841445,13
"29",0.132609949,1.060879595,"Mammals",-0.179428611858014,4,2.07738936562969,7,"Yes",1,1,"Canis_lupus","-66.890519_50.02395",4.50763097841445,8
"30",0.106041517,1.166456686,"Mammals",-0.0683345727491783,4,0,7,"Yes",1,1,"Canis_lupus","-73.512303_49.07891",4.50763097841445,11
"31",0.34885475,1.395419,"Mammals",1.09550774172434,8,3.03922530791811,3,"No",0,0,"Zapus_hudsonius","-79.633333_43.683333",1.23350376034113,4
"32",0.229539035,0.91815614,"Mammals",0.058630043375205,7,1.57275820519505,5,"No",0,0,"Perognathus_parvus","-119.666667_49.566667",1.33805787541976,4
"33",0.245946035,0.983784139,"Mammals",0.058630043375205,7,1.57275820519505,5,"No",0,0,"Reithrodontomys_megalotis","-119.666667_49.566667",0.971739590887778,4
"34",0.390389408,1.561557631,"Mammals",0.058630043375205,7,1.57275820519505,5,"No",0,0,"Reithrodontomys_megalotis","-119.666667_49.566667",0.971739590887778,4
"35",0.265930782,1.063723129,"Mammals",0.058630043375205,7,1.57275820519505,5,"No",0,0,"Perognathus_parvus","-119.666667_49.566667",1.33805787541976,4
"36",0.310828843,1.243315372,"Mammals",0.058630043375205,7,1.57275820519505,5,"No",0,0,"Perognathus_parvus","-119.666667_49.566667",1.33805787541976,4
"37",0.196708279,0.983541393,"Mammals",-0.248201112258721,6,0.657273601657082,2,"No",0,0,"Myodes_gapperi","-119.833333_50.833333",1.2973227142053,5
"38",0.100920911,0.504604555,"Mammals",-0.248201112258721,6,0.657273601657082,7,"No",0,0,"Peromyscus_maniculatus","-119.833333_50.833333",1.32797162362301,5
"39",0.3245042,1.622521,"Mammals",-0.248201112258721,6,0.657273601657082,3,"No",0,0,"Tamias_amoenus","-119.833333_50.833333",1.61320735210376,5
"40",0.25938375,0.77815125,"Mammals",-0.613224383616324,4,1.67086143361462,5,"Yes",0,1,"Puma_concolor","-115.566667_51.166667",4.71265003828947,3
"41",0.429803036,1.719212142,"Mammals",1.09550774172434,8,3.03922530791811,6,"No",0,0,"Microtus_pennsylvanicus","-79.633333_43.683333",1.56525734342021,4
"42",0.205006565,1.435045952,"Mammals",0.058630043375205,7,1.57275820519505,7,"No",2,2,"Peromyscus_maniculatus","-119.666667_49.566667",1.32797162362301,7
"43",0.184622217,1.292355517,"Mammals",0.058630043375205,7,1.57275820519505,2,"No",2,2,"Sorex_vagrans","-119.666667_49.566667",0.770852011642144,7
"44",0.190131385,0.950656925,"Mammals",-0.708447845709611,4,0.222746964057761,2,"No",0,0,"Myodes_gapperi","-119.744043_49.861901",1.2973227142053,5
"45",-0.6,-3,"Mammals",-0.708447845709611,4,0.222746964057761,6,"No",0,0,"Microtus_longicaudus","-119.744043_49.861901",1.66940986728778,5
"46",0.126253457,0.631267285,"Mammals",-0.708447845709611,4,0.222746964057761,3,"No",0,0,"Phenacomys_intermedius","-119.744043_49.861901",1.40140054078154,5
"47",-0.6,-3,"Mammals",-0.708447845709611,4,0.222746964057761,4,"No",0,0,"Sorex_cinereus","-119.744043_49.861901",0.66838591669,5
"48",-0.6,-3,"Mammals",-0.708447845709611,4,0.222746964057761,6,"No",0,0,"Mustela_erminea","-119.744043_49.861901",2.07693157455566,5
"49",0.465582843,1.396748528,"Mammals",-3.10490497505735,2,0,2,"No",2,0,"Myodes_rutilus","-134.683061_69.019128",1.29972515397564,3
"50",0.222752186,0.891008745,"Mammals",-1.65539227430397,4,1.55966201234534,2,"No",2,0,"Myodes_rutilus","-133.728624_68.362042",1.29972515397564,4
"51",-0.5,-2,"Mammals",-1.65539227430397,4,1.55966201234534,6,"No",2,0,"Microtus_pennsylvanicus","-133.728624_68.362042",1.56525734342021,4
"52",0.199340476,0.797361903,"Mammals",-1.65539227430397,4,1.55966201234534,1,"No",2,0,"Lemmus_trimucronatus","-133.728624_68.362042",1.84397984447816,4
"53",0.210674405,0.632023215,"Mammals",-3.10490497505735,2,0,1,"No",2,0,"Dicrostonyx_groenlandicus","-134.683061_69.019128",1.73559889969818,3
"54",0.433072218,1.299216655,"Mammals",-0.523291113861552,6,0.326253580689821,2,"No",0,0,"Myodes_gapperi","-119.883333_49.666667",1.2973227142053,3
"55",0.451586036,1.354758107,"Mammals",-0.523291113861552,6,0.326253580689821,3,"No",0,0,"Phenacomys_intermedius","-119.883333_49.666667",1.40140054078154,3
"56",0.083883114,1.677662272,"Mammals",-0.523291113861552,6,0.326253580689821,6,"No",0,0,"Microtus_longicaudus","-119.883333_49.666667",1.66940986728778,20
"57",0.550348817,1.651046452,"Mammals",-0.523291113861552,6,0.326253580689821,2,"No",0,0,"Zapus_princeps","-119.883333_49.666667",1.46239799789896,3
"58",0.240654832,0.721964496,"Mammals",-0.523291113861552,6,0.326253580689821,4,"No",0,0,"Sorex_cinereus","-119.883333_49.666667",0.66838591669,3
"59",0.389310591,1.167931772,"Mammals",-0.523291113861552,6,0.326253580689821,6,"No",0,0,"Mustela_erminea","-119.883333_49.666667",2.07693157455566,3
"60",0.186602967,0.74641187,"Mammals",-0.0260130340410505,5,1.46303789868417,2,"No",0,0,"Ondatra_zibethicus","-63.091341_46.416361",3.02765534131917,4
"61",0.430563323,1.291689969,"Mammals",0.349590621993584,3,0.264065713166216,12,"No",0,0,"Odocoileus_virginianus","-61.164851_45.857738",4.74435996103451,3
"62",0.175961441,0.527884324,"Mammals",0.423653314732807,4,0.637786794989243,2,"No",0,0,"Myodes_gapperi","-79.087009_46.416229",1.2973227142053,3
"63",0.097364936,0.292094807,"Mammals",-0.43335784410678,2,0,2,"No",0,0,"Myodes_gapperi","-82.448825_48.444828",1.2973227142053,3
"64",0.316340115,0.949020344,"Mammals",0.2226260058692,6,1.00062499647781,3,"No",0,0,"Tamias_striatus","-79.146454_46.634905",2.04886889573993,3
"65",0.226847589,0.680542766,"Mammals",-0.480969575153424,1,0,2,"No",0,0,"Myodes_gapperi","-89.337252_48.822374",1.2973227142053,3
"66",0.433676665,1.301029996,"Mammals",-0.544451883215616,1,0,3,"No",0,0,"Tamias_striatus","-82.134735_48.575324",2.04886889573993,3
"67",0.925490959,2.776472876,"Mammals",-0.232330535243173,5,0,3,"No",0,0,"Tamias_striatus","-89.473603_49.182231",2.04886889573993,3
"68",0.358854895,1.076564685,"Mammals",0.2226260058692,6,1.00062499647781,7,"No",0,0,"Peromyscus_maniculatus","-79.146454_46.634905",1.32797162362301,3
"69",0.134373884,0.403121652,"Mammals",-0.544451883215616,1,0,7,"No",0,0,"Peromyscus_maniculatus","-82.134735_48.575324",1.32797162362301,3
"70",0.514817503,1.544452508,"Mammals",-0.232330535243173,5,0,7,"No",0,0,"Peromyscus_maniculatus","-89.473603_49.182231",1.32797162362301,3
"71",0.030168772,0.78438808,"Mammals",-1.23746707956121,0,0,2,"Yes",0,0,"Rangifer_tarandus","-85.893055_48.248123",4.93467001417186,26
"72",0.157359669,0.786798344,"Mammals",-3.63921440124746,1,0,7,"No",0,2,"Peromyscus_maniculatus","-138.277537_60.933633",1.32797162362301,5
"73",0.129652168,0.648260841,"Mammals",-3.63921440124746,1,0,2,"No",0,0,"Myodes_rutilus","-138.277537_60.933633",1.29972515397564,5
"74",-0.103873428,-0.51936714,"Mammals",-3.63921440124746,1,0,6,"No",0,0,"Microtus_pennsylvanicus","-138.277537_60.933633",1.56525734342021,5
"75",0.073673335,0.368366676,"Mammals",-3.63921440124746,1,0,5,"No",0,0,"Microtus_oeconomus","-138.277537_60.933633",1.53630587235103,5
"76",0.032977487,0.164887433,"Mammals",-3.63921440124746,1,0,3,"No",0,0,"Phenacomys_intermedius","-138.277537_60.933633",1.40140054078154,5
"77",0.0221132,0.972980784,"Mammals",-0.168848227180982,7,0.300726532003155,2,"No",1,1,"Ovis_canadensis","-115_52",4.87300002419761,44
"78",0.014966561,0.434030262,"Mammals",-1.04172996303612,2,0,2,"Yes",2,2,"Ovis_canadensis","-114.583333_50.666667",4.87300002419761,29
"79",0.019879848,0.596395443,"Mammals",-0.798381115464383,2,0.0131394078467264,4,"No",2,2,"Oreamnos_americanus","-119_54",4.86033998335517,30
"80",-0.015158276,-0.090949657,"Mammals",-2.48066227911246,1,0,3,"No",2,0,"Lepus_americanus","-116.903713_61.535105",3.23300118983007,6
"81",0.24379307,1.218965351,"Mammals",-2.7240111266842,1,0,7,"No",1,0,"Ursus_maritimus","-95.276473_78.310956",5.58967080421095,5
"82",0.067259109,0.807109312,"Mammals",-3.69740651697114,0,0,1,"No",1,0,"Ochotona_collaris","-138.266667_61.216667",2.11058971029925,12
"83",0.058534453,0.468275621,"Mammals",-1.2692082335923,2,0,3,"No",0,0,"Alces_americanus","-118.516667_51.533333",5.73356673184349,8
"84",-0.22706782,-5.222559853,"Mammals",-0.92005553925025,5,0.677605646673539,2,"Yes",0,0,"Rangifer_tarandus","-116.185553_51.508146",4.93467001417186,23
"85",0.034428385,0.826281246,"Mammals",-0.92005553925025,5,0.677605646673539,7,"Yes",0,2,"Canis_lupus","-116.185553_51.508146",4.50763097841445,24
"86",0.002620117,0.052402337,"Mammals",-0.92005553925025,5,0.677605646673539,3,"Yes",0,2,"Cervus_elaphus","-116.185553_51.508146",5.14711072414856,20
"87",0.351839109,1.055517328,"Mammals",0.058630043375205,6,0.241625798053119,3,"Yes",0,0,"Mustela_frenata","-113.761142_50.141667",2.16731733474818,3
"88",0.047001329,0.423011964,"Mammals",-0.5391616908771,3,1.35333567027209,2,"No",2,0,"Phocoena_phocoena","-66.933194_45.009941",4.72015930340596,9
"89",0.068609387,0.617484483,"Mammals",-0.856573231188058,3,1.38528454974798,2,"No",2,0,"Phocoena_phocoena","-66.915904_45.009168",4.72015930340596,9
"90",0.2016885,0.605065501,"Mammals",0.058630043375205,6,0.241625798053119,7,"Yes",0,0,"Peromyscus_maniculatus","-113.761142_50.141667",1.32797162362301,3
"91",0.124950903,0.749705421,"Mammals",-0.290522650966849,6,0.119687469711861,7,"No",0,0,"Peromyscus_maniculatus","-113.476124_50.310222",1.32797162362301,6
"92",0.217524781,1.305148687,"Mammals",-1.99396458396899,3,0,7,"No",0,0,"Peromyscus_maniculatus","-122.233677_54.266485",1.32797162362301,6
"93",0.171024847,1.026149082,"Mammals",-1.99396458396899,3,0,2,"No",2,0,"Myodes_gapperi","-122.233677_54.266485",1.2973227142053,6
"94",1,6,"Mammals",-1.99396458396899,3,0,6,"No",2,0,"Microtus_pennsylvanicus","-122.233677_54.266485",1.56525734342021,6
"95",0.072096113,1.009345576,"Mammals",1.44466043606639,9,2.84551249103079,2,"No",2,1,"Procyon_lotor","-79.11_43.05",3.74232992419066,14
"96",-0.035676521,-0.142706084,"Mammals",-0.396326497737169,1,0,2,"No",2,0,"Myodes_gapperi","-85.58_49.24",1.2973227142053,4
"97",0.200101718,0.800406873,"Mammals",-0.396326497737169,1,0,7,"No",2,0,"Peromyscus_maniculatus","-85.58269_49.249515",1.32797162362301,4
"98",0.713114008,2.852456033,"Mammals",-0.396326497737169,1,0,4,"No",2,0,"Sorex_cinereus","-85.58269_49.249515",0.66838591669,4
"99",-0.5,-2,"Mammals",-0.396326497737169,1,0,3,"No",2,0,"Lepus_americanus","-85.58269_49.249515",3.23300118983007,4
"100",0.178231835,0.712927338,"Mammals",-0.396326497737169,1,0,1,"No",2,0,"Tamiasciurus_hudsonicus","-85.58269_49.249515",2.30356321591725,4
"101",0.44350889,1.330526669,"Mammals",-0.45980880579936,1,0.000765685345544815,2,"No",0,0,"Myodes_gapperi","-113.11667_55.05",1.2973227142053,3
"102",0.352663982,1.057991947,"Mammals",-2.07331746904673,2,0.0408681723960445,1,"No",2,2,"Glaucomys_sabrinus","-121.51_51.33",2.22010808804005,3
"103",0.304283275,0.912849824,"Mammals",-2.07331746904673,2,0.0408681723960445,1,"No",2,0,"Tamiasciurus_hudsonicus","-121.51_51.33",2.30356321591725,3
"104",0.329492535,0.988477605,"Mammals",-0.45980880579936,1,0.000765685345544815,7,"No",2,0,"Peromyscus_maniculatus","-113.11667_55.05",1.32797162362301,3
"105",0.321558575,0.964675724,"Mammals",-0.45980880579936,1,0.000765685345544815,6,"No",2,0,"Microtus_pennsylvanicus","-113.11667_55.05",1.56525734342021,3
"106",0.090491037,0.90491037,"Mammals",-1.3009493876234,1,0.0444179191464447,1,"No",2,2,"Tamiasciurus_hudsonicus","-122.35_51.86",2.30356321591725,10
"107",0.299129336,0.897388008,"Mammals",-0.581483229585228,3,0.382341252734515,1,"No",0,0,"Tamiasciurus_hudsonicus","-119.45_49.566667",2.30356321591725,3
"108",0.300912444,0.902737332,"Mammals",-0.650255729985935,6,0.70842678770886,1,"No",0,0,"Tamiasciurus_hudsonicus","-123.533333_53.866667",2.30356321591725,3
"109",0.676231879,2.028695638,"Mammals",-0.808961500141415,6,3.07570855861191,3,"Yes",0,0,"Microtus_townsendii","-123.185833_49.099444",1.81123977275329,3
"110",0.076769801,0.921237612,"Mammals",-2.82981497345452,2,0,2,"Yes",0,2,"Rangifer_tarandus","-119.660529_53.834937",4.93467001417186,12
"111",0.070438704,1.056580563,"Mammals",-2.93032862788632,1,0,2,"Yes",0,2,"Rangifer_tarandus","-114.815559_58.90627",4.93467001417186,15
"112",0.194125209,1.553001669,"Mammals",-3.17896766779657,0,0,2,"Yes",0,2,"Rangifer_tarandus","-119.572639_57.203463",4.93467001417186,8
"113",0.077524532,0.852769847,"Mammals",-2.38014862468066,0,0,2,"No",0,2,"Rangifer_tarandus","-110.497932_55.424564",4.93467001417186,11
"114",0.059973317,0.89959976,"Mammals",-0.983537847312442,3,0.0268815660725885,2,"No",0,2,"Rangifer_tarandus","-111.662483_56.324373",4.93467001417186,15
"115",0.207885378,1.247312269,"Mammals",-2.93561882022484,1,0,2,"Yes",0,2,"Rangifer_tarandus","-117.902717_52.943913",4.93467001417186,6
"116",0.099532703,1.094859732,"Mammals",-1.54958842753365,2,0,2,"No",0,2,"Rangifer_tarandus","-118.825568_54.592985",4.93467001417186,11
"117",0.065499717,0.982495759,"Mammals",-2.98852074361,0,0,2,"No",0,2,"Rangifer_tarandus","-113.936652_57.422988",4.93467001417186,15
"118",0.161775554,1.294204434,"Mammals",0.471265045779451,5,0.591181739174669,2,"No",0,2,"Rangifer_tarandus","-115.353889_55.299674",4.93467001417186,8
"119",0.063663769,0.891292762,"Mammals",-2.51769362548207,1,0,2,"No",0,2,"Rangifer_tarandus","-112.71717_56.86871",4.93467001417186,14
"120",0.016383964,0.081919819,"Mammals",-2.4595015097584,1,0,3,"Yes",0,2,"Lynx_canadensis","-116.12548_61.623636",3.97189020052915,5
"121",0.138318392,1.106547138,"Mammals",-1.45436496544036,1,0.1720310297291,6,"Yes",2,1,"Ursus_americanus","-110.07074_54.661331",4.99978001757011,8
"122",0.045144643,1.038326798,"Mammals",-0.59206361426226,0,0,12,"No",1,1,"Odocoileus_virginianus","-63.016995_49.523121",4.74435996103451,23
"123",0.071987769,0.287951078,"Mammals",-0.97295746263541,3,0.370463609485011,2,"No",2,0,"Myodes_gapperi","-120.460772_50.822181",1.2973227142053,4
"124",-0.091100921,-0.364403683,"Mammals",-0.97295746263541,3,0.370463609485011,7,"No",2,0,"Peromyscus_maniculatus","-120.460772_50.822181",1.32797162362301,4
"125",0.081485159,0.651881274,"Mammals",-1.70829419768913,0,0,3,"No",0,0,"Myotis_lucifugus","-111.158064_55.877186",0.883661435153618,8
"126",1,8,"Mammals",-1.70829419768913,0,0,2,"No",0,0,"Myotis_septentrionalis","-111.158064_55.877186",0.888740960682893,8
"127",0.16360588,1.30884704,"Mammals",-1.70829419768913,0,0,3,"No",0,0,"Lasionycteris_noctivagans","-111.158064_55.877186",1.01953168453126,8
"128",0.735642357,5.88513886,"Mammals",-1.70829419768913,0,0,2,"No",0,0,"Lasiurus_cinereus","-111.158064_55.877186",1.40277706961035,8
"129",1,8,"Mammals",-1.70829419768913,0,0,1,"No",0,0,"Lasiurus_borealis","-111.158064_55.877186",1.03100428136354,8
"130",0.055814384,0.613958219,"Mammals",-0.168848227180982,3,0.0132206598681204,2,"Yes",0,0,"Castor_canadensis","-78.416667_45.583333",4.33885474625232,11
"131",-0.557972017,-6.137692183,"Mammals",0.0268888893441092,1,0,3,"No",0,1,"Lepus_arcticus","-57.736944_49.689167",3.64394985638039,11
"132",0.072607715,1.234331156,"Mammals",-3.6868261322941,2,0,2,"Yes",0,0,"Eschrichtius_robustus","-126.19034_49.24809",7.45484486000851,17
"133",-0.714285714,-5,"Mammals",-2.07860766138525,0,0,1,"Yes",0,0,"Dicrostonyx_groenlandicus","-78.564722_73.218056",1.73559889969818,7
"134",0.051837184,0.777557756,"Mammals",-0.59206361426226,2,0.0417131504917073,6,"No",0,0,"Microtus_pennsylvanicus","-109.28787_50.54573",1.56525734342021,15
"135",0.058248096,0.873721441,"Mammals",-0.59206361426226,2,0.0417131504917073,7,"No",0,0,"Peromyscus_maniculatus","-109.28787_50.54573",1.32797162362301,15
"136",0.157362916,1.101540414,"Mammals",-2.07860766138525,0,0,1,"Yes",0,0,"Lemmus_trimucronatus","-78.564722_73.218056",1.84397984447816,7
"137",0.140773515,0.985414602,"Mammals",-0.771930153771803,2,0.0612464079625644,2,"No",0,1,"Dipodomys_ordii","-110.646944_50.976111",1.78103693862113,7
"138",0.395501271,1.582005085,"Mammals",-3.32709305327502,0,0,1,"Yes",2,2,"Vulpes_lagopus","-124.533333_72.416667",3.55441283376475,4
"139",0.095647162,0.478235812,"Mammals",-2.68168958797607,1,0,1,"Yes",2,2,"Vulpes_lagopus","-100.25_67.233333",3.55441283376475,5
"140",-0.107823332,-4.097286601,"Mammals",1.37059774332717,9,1.47730312251091,4,"No",0,0,"Pipistrellus_subflavus","-65.381111_45.66",0.718501688867274,38
"141",0.039465189,1.578607562,"Mammals",-0.142397265488402,2,1.04169842728769,2,"No",0,0,"Castor_canadensis","-64.351142_48.893948",4.33885474625232,40
"142",0.053858678,1.508042992,"Mammals",-0.142397265488402,2,1.04169842728769,3,"Yes",1,0,"Alces_americanus","-64.351142_48.893948",5.73356673184349,28
"143",0.036074314,1.370823937,"Mammals",-2.4595015097584,1,0,8,"Yes",2,1,"Bison_bison","-116.133333_61.633333",5.62935237244692,38
"144",0.030906353,1.019909641,"Mammals",-0.0736247650876943,2,0.0246990331471741,2,"Yes",0,0,"Castor_canadensis","-72.957967_46.778085",4.33885474625232,33
"145",0.026052523,0.651313075,"Mammals",-1.67655304365803,2,1.20912678931545,2,"No",0,0,"Myodes_gapperi","-111.9_60.016667",1.2973227142053,25
"146",-0.218011474,-4.796252429,"Mammals",-2.88271689683968,0,0,3,"No",0,0,"Zapus_hudsonius","-123.483333_60.65",1.23350376034113,22
"147",-0.437568456,-9.626506024,"Mammals",-2.88271689683968,0,0,4,"No",0,0,"Synaptomys_borealis","-123.483333_60.65",1.32837960343874,22
"148",-0.56562247,-12.44369434,"Mammals",-2.88271689683968,0,0,2,"No",0,0,"Microtus_xanthognathus","-123.483333_60.65",2.09950799372796,22
"149",0.21857358,3.497177283,"Mammals",-2.53885439483614,1,0,5,"No",0,0,"Microtus_oeconomus","-106.43_68.06",1.53630587235103,16
"150",-0.58655619,-5.279005713,"Mammals",-1.77706669808984,2,1.67490648927315,1,"No",0,0,"Dicrostonyx_groenlandicus","-94.083333_61.1",1.73559889969818,9
"151",-0.014941009,-0.313761193,"Mammals",-3.07316382102625,1,0,1,"No",0,0,"Dicrostonyx_groenlandicus","-111.583333_64.866667",1.73559889969818,21
"152",0.745954629,6.713591662,"Mammals",-1.77706669808984,2,1.67490648927315,6,"No",0,0,"Microtus_pennsylvanicus","-94.083333_61.1",1.56525734342021,9
"153",-0.0132265,-0.277756499,"Mammals",-3.07316382102625,1,0,6,"No",0,0,"Microtus_pennsylvanicus","-111.583333_64.866667",1.56525734342021,21
"154",0.167544656,4.858795021,"Mammals",-3.17367747545805,0,0,6,"No",0,0,"Microtus_pennsylvanicus","-127.333333_65.3",1.56525734342021,29
"155",-0.404814173,-9.715540153,"Mammals",-1.34327092633153,3,2.32878974290284,6,"No",0,0,"Microtus_pennsylvanicus","-114.433333_62.4",1.56525734342021,24
"156",-0.466574286,-4.199168572,"Mammals",-1.77706669808984,2,1.67490648927315,1,"No",0,0,"Lemmus_trimucronatus","-94.083333_61.1",1.84397984447816,9
"157",-0.108068659,-2.269441839,"Mammals",-3.07316382102625,1,0,1,"No",0,0,"Lemmus_trimucronatus","-111.583333_64.866667",1.84397984447816,21
"158",-0.003413467,-0.037548141,"Mammals",-2.68697978031458,1,0,1,"No",0,0,"Lemmus_trimucronatus","-108.166667_68.35",1.84397984447816,11
"159",-0.023518646,-0.211667811,"Mammals",-1.77706669808984,2,1.67490648927315,2,"No",0,0,"Myodes_rutilus","-94.083333_61.1",1.29972515397564,9
"160",0.112491776,2.3623273,"Mammals",-3.07316382102625,1,0,2,"No",0,0,"Myodes_rutilus","-111.583333_64.866667",1.29972515397564,21
"161",0.066643153,1.599435673,"Mammals",-1.34327092633153,3,2.32878974290284,2,"No",0,0,"Myodes_rutilus","-114.433333_62.4",1.29972515397564,24
"162",0.05026026,1.256506491,"Mammals",-3.17367747545805,0,0,2,"No",0,0,"Myodes_rutilus","-127.333333_65.3",1.29972515397564,25
"163",-0.146185111,-2.338961774,"Mammals",-2.5917563182213,1,0,2,"No",0,0,"Myodes_rutilus","-106.716667_68.1",1.29972515397564,16
"164",-0.6,-3,"Mammals",-2.17383112347854,1,0.112859224074774,2,"No",0,0,"Myodes_rutilus","-115.183333_67.8",1.29972515397564,5
"165",0.04072249,0.977339763,"Mammals",-0.221750150566142,5,0.311099314236855,3,"Yes",0,1,"Cervus_elaphus","-112.877639_53.545051",5.14711072414856,24
"166",0.030891381,0.74139315,"Mammals",-0.115946303795822,5,0.335554754345232,3,"Yes",0,1,"Cervus_elaphus","-112.857039_53.637361",5.14711072414856,24
"167",0.052510842,0.68264094,"Mammals",-0.115946303795822,5,0.335554754345232,2,"Yes",0,2,"Castor_canadensis","-112.857039_53.637361",4.33885474625232,13
"168",0.016412655,0.722156841,"Mammals",-0.888314385219154,0,0.008783231006155,2,"Yes",0,0,"Castor_canadensis","-100.131889_50.855683",4.33885474625232,44
"169",0.055869807,1.731964006,"Mammals",-1.22688669488418,0,0,3,"Yes",1,1,"Alces_americanus","-85.903961_48.289722",5.73356673184349,31
"170",0.059887185,1.077969333,"Mammals",-1.41204342673224,0,0,8,"Yes",1,2,"Bison_bison","-106.65_53.733333",5.62935237244692,18
"171",0.087876337,0.966639704,"Mammals",0.0215986970055932,3,0.0653608873845309,12,"No",1,1,"Odocoileus_virginianus","-109.634071_52.613216",4.74435996103451,11
"172",0.075970025,0.83567028,"Mammals",0.677582546981574,5,0.199476271911945,12,"No",1,1,"Odocoileus_virginianus","-102.017164_49.992123",4.74435996103451,11
"173",0.10538466,1.159231262,"Mammals",0.0215986970055932,3,0.0653608873845309,10,"No",1,1,"Odocoileus_hemionus","-109.634071_52.613216",4.73409999592406,11
"174",0.139524884,0.558099535,"Mammals",0.555908123195707,9,1.98215818293195,3,"No",1,1,"Antilocapra_americana","-107.796944_50.285",4.66353998994009,4
"175",0.188625281,1.131751683,"Mammals",-1.33798073399301,1,0,6,"Yes",1,1,"Ursus_americanus","-109.002596_54.592748",4.99978001757011,6
"176",0.184179113,1.105074676,"Mammals",0.116822159098881,2,1.19316958660297e-07,6,"No",1,1,"Ursus_americanus","-102.4556_52.4572",4.99978001757011,6
"177",0.253516655,1.267583275,"Mammals",0.360171006670616,2,0.677312970496081,6,"Yes",2,2,"Phoca_vitulina","-70.116389_48.252222",5,5
"178",0.21247335,1.274840099,"Mammals",0.000437927651529339,3,0.825472984551157,2,"Yes",2,2,"Delphinapterus_leucas","-69.465_48.218",6.13353890837022,6
"179",0.058350532,1.750515945,"Mammals",-0.0736247650876943,2,0.0246990331471741,3,"Yes",1,1,"Alces_americanus","-72.957967_46.778085",5.73356673184349,30
"180",0.051397992,0.308387949,"Mammals",0.000437927651529339,3,0.825472984551157,2,"Yes",0,2,"Balaenoptera_musculus","-69.465_48.218",8.27875360095283,6
"181",0.200227801,1.201366809,"Mammals",0.000437927651529339,3,0.825472984551157,2,"Yes",0,2,"Balaenoptera_physalus","-69.465_48.218",7.84509804001426,6
"182",-0.033170038,-0.132680151,"Mammals",0.000437927651529339,3,0.825472984551157,5,"Yes",2,2,"Halichoerus_grypus","-69.465_48.218",5.19774080418733,4
"183",0.097278473,0.583670837,"Mammals",0.000437927651529339,3,0.825472984551157,2,"Yes",2,2,"Phocoena_phocoena","-69.465_48.218",4.72015930340596,6
"184",0.195813967,1.174883805,"Mammals",0.000437927651529339,3,0.825472984551157,2,"Yes",2,2,"Megaptera_novaeangliae","-69.465_48.218",7.47712125471966,6
"185",0.077683492,0.466100954,"Mammals",0.000437927651529339,3,0.825472984551157,2,"Yes",2,2,"Balaenoptera_acutorostrata","-69.465_48.218",7,6
"186",0.030249467,1.119230272,"Mammals",-0.147687457826918,0,0,3,"No",2,2,"Alces_americanus","-56.33304_48.60645",5.73356673184349,37
"187",0.024242183,0.678781125,"Mammals",-1.51255708116404,2,0.191217317175573,3,"No",2,2,"Alces_americanus","-125.44939_49.65063",5.73356673184349,28
"188",0.040128366,1.123594261,"Mammals",0.201465236515136,7,2.41302319230536,3,"No",2,2,"Alces_americanus","-122.5003_49.21759",5.73356673184349,28
"189",0.039783858,1.113948032,"Mammals",-0.872443808203606,5,0.0736577443350914,3,"No",2,2,"Alces_americanus","-120.69689_50.25503",5.73356673184349,28
"190",0.055796808,1.562310636,"Mammals",-0.45980880579936,6,0.478649080664118,3,"No",2,2,"Alces_americanus","-119.03137_49.85923",5.73356673184349,28
"191",0.03284993,0.919798028,"Mammals",-0.438648036445296,4,0.755482214256504,3,"No",2,2,"Alces_americanus","-116.81213_49.70849",5.73356673184349,28
"192",0.032438042,0.908265167,"Mammals",-2.40659958637324,1,0,3,"No",2,2,"Alces_americanus","-123.45536_52.40318",5.73356673184349,28
"193",0.026625005,0.745500146,"Mammals",-2.27963497024886,3,0,3,"No",2,2,"Alces_americanus","-129.83266_54.24977",5.73356673184349,28
"194",0.039299509,1.100386245,"Mammals",-2.83510516579303,1,0,3,"No",2,2,"Alces_americanus","-124.77368_55.95301",5.73356673184349,28
"195",0.039121718,1.095408108,"Mammals",-3.68153593995559,0,0,3,"No",2,2,"Alces_americanus","-124.89257_58.05463",5.73356673184349,28
"196",0.230879536,1.15439768,"Mammals",-3.31651266859799,1,0,3,"No",2,2,"Alces_americanus","-128.9788944_59.498332",5.73356673184349,5
"197",0.078986083,1.342763413,"Mammals",-0.417487267091233,1,0.0387816033521448,8,"Yes",2,2,"Bison_bison","-106.694237_53.809472",5.62935237244692,17
"198",0.111328906,1.558604683,"Mammals",-3.78204959438739,0,0,8,"No",2,2,"Bison_bison","-137.52133_61.45389",5.62935237244692,14
"199",0.153169867,1.378528807,"Mammals",-2.93032862788632,0,0,8,"Yes",2,2,"Bison_bison","-125.62866_59.42552",5.62935237244692,9
"200",0.178619511,1.607575595,"Mammals",-2.64994843394497,1,0,8,"No",2,2,"Bison_bison","-120.65185_58.24056",5.62935237244692,9
"201",0.113361931,1.587067033,"Mammals",-1.71358439002765,0,0.0717564064414751,8,"Yes",2,2,"Bison_bison","-118.923549_58.772764",5.62935237244692,14
"202",0.046728994,1.962617762,"Mammals",-2.4595015097584,0,0,8,"Yes",2,2,"Bison_bison","-116.48838_62.01587",5.62935237244692,42
"203",0.07732855,2.629170705,"Mammals",-2.54414458717465,0,0,8,"Yes",2,2,"Bison_bison","-113.67543_60.26715",5.62935237244692,34
"204",0.016535477,0.727561002,"Mammals",-2.63936804926794,0,0,8,"No",2,2,"Bison_bison","-112.86817_60.7168",5.62935237244692,44
"205",0.080318864,2.570203644,"Mammals",-2.43834074040433,1,0.868812142041754,8,"No",2,2,"Bison_bison","-123.48625_60.20995",5.62935237244692,32
"206",0.164452471,0.657809882,"Mammals",-3.31651266859799,1,0,7,"No",2,2,"Canis_lupus","-128.9788944_59.498332",4.50763097841445,4
"207",0.091899632,1.470394106,"Mammals",0.180304467161072,4,0.155010406063452,3,"No",2,1,"Cervus_elaphus","-102.56561_49.90348",5.14711072414856,16
"208",0.047698501,1.335558016,"Mammals",-1.51255708116404,2,0.191217317175573,3,"No",2,2,"Cervus_elaphus","-125.44939_49.65063",5.14711072414856,28
"209",0.097458575,2.728840091,"Mammals",0.201465236515136,7,2.41302319230536,3,"No",2,2,"Cervus_elaphus","-122.5003_49.21759",5.14711072414856,28
"210",0.0442821,1.239898808,"Mammals",-0.872443808203606,5,0.0736577443350914,3,"No",2,2,"Cervus_elaphus","-120.69689_50.25503",5.14711072414856,28
"211",0.05700358,1.596100249,"Mammals",-0.45980880579936,6,0.478649080664118,3,"No",2,2,"Cervus_elaphus","-119.03137_49.85923",5.14711072414856,28
"212",0.033406105,0.935370944,"Mammals",-0.438648036445296,4,0.755482214256504,3,"No",2,2,"Cervus_elaphus","-116.81213_49.70849",5.14711072414856,28
"213",0.050721292,1.420196178,"Mammals",-2.40659958637324,1,0,3,"No",2,2,"Cervus_elaphus","-123.45536_52.40318",5.14711072414856,28
"214",0.054260675,1.519298895,"Mammals",-2.27963497024886,3,0,3,"No",2,2,"Cervus_elaphus","-129.83266_54.24977",5.14711072414856,28
"215",0.069227499,1.938369965,"Mammals",-2.83510516579303,1,0,3,"No",2,2,"Cervus_elaphus","-124.77368_55.95301",5.14711072414856,28
"216",0.095400478,1.33560669,"Mammals",-2.7240111266842,0,0,3,"No",2,2,"Cervus_elaphus","-123.16816_56.43743",5.14711072414856,14
"217",0.107997673,1.511967427,"Mammals",-2.14738016178596,0,9.5748403479875e-05,3,"No",2,2,"Cervus_elaphus","-126.08333_59.41666",5.14711072414856,14
"218",0.099128784,1.189545412,"Mammals",-3.68153593995559,0,0,3,"No",2,2,"Cervus_elaphus","-124.89257_58.05463",5.14711072414856,12
"219",0.040978746,0.655659935,"Mammals",-1.3326905416545,0,0,2,"No",2,2,"Delphinapterus_leucas","-67.61672_66.56356",6.13353890837022,16
"220",0.014959041,0.239344659,"Mammals",-0.21116976588911,0,0,3,"No",2,2,"Lepus_americanus","-57.66043_53.1355",3.23300118983007,16
"221",0.073308452,1.979328215,"Mammals",-1.65539227430397,4,1.55966201234534,3,"No",2,2,"Lepus_americanus","-133.7166667_68.35",3.23300118983007,27
"222",0.023352425,0.677220319,"Mammals",-1.67655304365803,2,1.20912678931545,3,"No",2,2,"Lepus_americanus","-111.8833333_60",3.23300118983007,29
"223",0.034050603,0.98746749,"Mammals",-3.39057536133721,1,0,3,"No",2,2,"Lepus_americanus","-126.8291667_61.28194444",3.23300118983007,29
"224",0.028390626,0.539421891,"Mammals",-1.89345092953719,1,0.96463775661432,3,"No",2,2,"Lepus_americanus","-117.6166667_61.38333333",3.23300118983007,19
"225",-0.016095826,-0.241437397,"Mammals",-1.89345092953719,1,0.96463775661432,3,"No",2,2,"Lepus_americanus","-117.6166667_61.38333333",3.23300118983007,15
"226",0.02410942,0.699173171,"Mammals",-1.34327092633153,3,2.32878974290284,3,"No",2,2,"Lepus_americanus","-114.35_62.45555556",3.23300118983007,29
"227",0.042798888,0.684782212,"Mammals",-1.86170977550609,2,0,3,"No",2,2,"Lepus_americanus","-113.35_62.53333333",3.23300118983007,16
"228",-0.002815786,-0.045052583,"Mammals",-1.86170977550609,2,0,3,"No",2,2,"Lepus_americanus","-113.35_62.53333333",3.23300118983007,16
"229",0.044599217,1.070381219,"Mammals",-1.95164304526086,1,1.13955594534352,3,"No",2,2,"Lepus_americanus","-121.3486111_61.8625",3.23300118983007,24
"230",0.030146118,0.361753411,"Mammals",-2.43305054806582,1,0,3,"No",2,2,"Lepus_americanus","-113.1833333_63.08333333",3.23300118983007,12
"231",0.207410111,2.488921328,"Mammals",-2.43305054806582,1,0,3,"No",2,2,"Lepus_americanus","-113.1833333_63.08333333",3.23300118983007,12
"232",0.110840006,1.330080073,"Mammals",-2.43305054806582,1,0,3,"No",2,2,"Lepus_americanus","-113.1833333_63.08333333",3.23300118983007,12
"233",0.079182857,1.108559997,"Mammals",-1.55487861987217,1,0.723053521145433,3,"No",2,2,"Lepus_americanus","-113.6708333_61.17083333",3.23300118983007,14
"234",0.107604853,0.860838826,"Mammals",-2.47008189443543,1,0,3,"Yes",2,2,"Lepus_americanus","-114.14791_60.28337",3.23300118983007,8
"235",0.291687088,0.875061263,"Mammals",0.815127547782989,6,0.223491587394169,4,"No",2,2,"Lynx_rufus","-66.46191_46.56531",3.9495900288204,3
"236",0.055607139,0.611678531,"Mammals",0.312559275623972,4,7.02446503296528e-06,1,"No",2,2,"Martes_americana","-71.22259_47.2316",3.09691001300806,11
"237",-0.327794453,-1.638972263,"Mammals",0.947382356245889,9,2.86051986294149,3,"No",2,2,"Myotis_lucifugus","-71.20798_46.81387",0.883661435153618,5
"238",0.307809972,0.923429916,"Mammals",1.12724889575543,8,1.04269801000084,3,"No",2,2,"Myotis_lucifugus","-72.3944_45.1542",0.883661435153618,3
"239",0.111973036,0.335919107,"Mammals",0.386621968363195,5,1.56150710426546,3,"No",2,2,"Myotis_lucifugus","-74.26141_46.3294",0.883661435153618,3
"240",0.118658502,0.355975507,"Mammals",1.04789601067769,7,1.33222442293132,3,"No",2,2,"Myotis_lucifugus","-75.79163_45.64647",0.883661435153618,3
"241",-0.051812817,-0.259064086,"Mammals",0.852158894152601,8,1.78813003865438,3,"No",2,2,"Myotis_lucifugus","-71.8505_46.66598",0.883661435153618,5
"242",-0.047593992,-0.713909885,"Mammals",0.175014274822556,4,0.730610691517998,3,"No",2,2,"Myotis_lucifugus","-70.67137_47.02846",0.883661435153618,15
"243",0.008664219,0.112634844,"Mammals",-0.0630443804106623,2,0,3,"No",2,2,"Myotis_lucifugus","-72.34455_47.18667",0.883661435153618,13
"244",0.323621598,0.970864793,"Mammals",1.12724889575543,8,1.04269801000084,2,"No",2,2,"Myotis_septentrionalis","-72.3944_45.1542",0.888740960682893,3
"245",0.029806716,0.357680594,"Mammals",-0.623804768293356,0,0.0537053285623216,10,"No",2,2,"Odocoileus_hemionus","-106.00099_54.0001",4.73409999592406,12
"246",0.033299931,0.699298557,"Mammals",-1.51255708116404,2,0.191217317175573,10,"No",2,2,"Odocoileus_hemionus","-125.44939_49.65063",4.73409999592406,21
"247",0.047619048,1,"Mammals",0.201465236515136,7,2.41302319230536,10,"No",2,2,"Odocoileus_hemionus","-122.5003_49.21759",4.73409999592406,21
"248",0.084560628,1.522091304,"Mammals",-0.872443808203606,5,0.0736577443350914,10,"No",2,2,"Odocoileus_hemionus","-120.69689_50.25503",4.73409999592406,18
"249",0.035087595,0.736839485,"Mammals",-2.40659958637324,1,0,10,"No",2,2,"Odocoileus_hemionus","-123.45536_52.40318",4.73409999592406,21
"250",0.039860174,0.837063656,"Mammals",-2.27963497024886,3,0,10,"No",2,2,"Odocoileus_hemionus","-129.83266_54.24977",4.73409999592406,21
"251",0.047619048,1,"Mammals",0.201465236515136,7,2.41302319230536,10,"No",2,2,"Odocoileus_hemionus","-122.5003_49.21759",4.73409999592406,21
"252",0.049142086,1.031983802,"Mammals",-0.872443808203606,5,0.0736577443350914,10,"No",2,2,"Odocoileus_hemionus","-120.69689_50.25503",4.73409999592406,21
"253",0.035768248,0.751133205,"Mammals",-0.45980880579936,6,0.478649080664118,10,"No",2,2,"Odocoileus_hemionus","-119.03137_49.85923",4.73409999592406,21
"254",0.043929772,0.922525215,"Mammals",-0.438648036445296,4,0.755482214256504,10,"No",2,2,"Odocoileus_hemionus","-116.81213_49.70849",4.73409999592406,21
"255",0.045097697,0.94705163,"Mammals",-2.40659958637324,1,0,10,"No",2,2,"Odocoileus_hemionus","-123.45536_52.40318",4.73409999592406,21
"256",0.029681153,0.623304207,"Mammals",-2.27963497024886,3,0,10,"No",2,2,"Odocoileus_hemionus","-129.83266_54.24977",4.73409999592406,21
"257",0.049564172,1.040847607,"Mammals",-2.83510516579303,1,0,10,"No",2,2,"Odocoileus_hemionus","-124.77368_55.95301",4.73409999592406,21
"258",0.032723124,0.687185614,"Mammals",-3.68153593995559,0,0,10,"No",2,2,"Odocoileus_hemionus","-124.89257_58.05463",4.73409999592406,21
"259",0.029835655,0.358027861,"Mammals",-0.623804768293356,0,0.0537053285623216,12,"No",2,2,"Odocoileus_virginianus","-106.00099_54.0001",4.74435996103451,12
"260",0.024141595,1.086371756,"Mammals",0.815127547782989,6,0.223491587394169,12,"No",2,2,"Odocoileus_virginianus","-66.46191_46.56531",4.74435996103451,45
"261",0.177576864,1.243038049,"Mammals",0.201465236515136,7,2.41302319230536,12,"No",2,2,"Odocoileus_virginianus","-122.5003_49.21759",4.74435996103451,7
"262",0.075112757,2.103157203,"Mammals",-0.872443808203606,5,0.0736577443350914,12,"No",2,2,"Odocoileus_virginianus","-120.69689_50.25503",4.74435996103451,28
"263",0.052315702,1.464839658,"Mammals",-0.45980880579936,6,0.478649080664118,12,"No",2,2,"Odocoileus_virginianus","-119.03137_49.85923",4.74435996103451,28
"264",0.046663248,1.306570944,"Mammals",-0.438648036445296,4,0.755482214256504,12,"No",2,2,"Odocoileus_virginianus","-116.81213_49.70849",4.74435996103451,28
"265",0.077647447,1.941186173,"Mammals",-2.40659958637324,1,0,12,"No",2,2,"Odocoileus_virginianus","-123.45536_52.40318",4.74435996103451,25
"266",0.07976815,1.99420374,"Mammals",-2.27963497024886,3,0,12,"No",2,2,"Odocoileus_virginianus","-129.83266_54.24977",4.74435996103451,25
"267",0.074184454,2.07716472,"Mammals",-2.83510516579303,1,0,12,"No",2,2,"Odocoileus_virginianus","-124.77368_55.95301",4.74435996103451,28
"268",0.05070093,1.419626047,"Mammals",-3.68153593995559,0,0,12,"No",2,2,"Odocoileus_virginianus","-124.89257_58.05463",4.74435996103451,28
"269",0.025041438,1.026698968,"Mammals",-2.95148939724038,0,0,1,"No",2,2,"Ovibos_moschatus","-110.34667_75.32002",5.53211846823539,41
"270",0.047578233,1.18945582,"Mammals",-2.82981497345452,0,0,1,"Yes",2,2,"Ovibos_moschatus","-99.09412_75.72766",5.53211846823539,25
"271",0.037812663,1.62594452,"Mammals",-3.53341055447714,0,0,1,"Yes",2,2,"Ovibos_moschatus","-121.50878_72.88087",5.53211846823539,43
"272",0.041190534,1.27690655,"Mammals",-3.30064209158244,0,0,1,"No",2,2,"Ovibos_moschatus","-115.92773_72.20867",5.53211846823539,31
"273",0.128076907,1.921153609,"Mammals",-3.21599901416618,0,0,1,"No",2,2,"Ovibos_moschatus","-111.09375_69.54219",5.53211846823539,15
"274",0.137180255,1.920523573,"Mammals",-2.99381093594851,0,0,1,"No",2,2,"Ovibos_moschatus","-104.28222_70.28911",5.53211846823539,14
"275",0.023234761,0.534399503,"Mammals",-2.31137612427995,2,0.18222638982746,1,"No",2,2,"Ovibos_moschatus","-124.07272_69.30958",5.53211846823539,23
"276",0.064839151,1.102265574,"Mammals",-3.76617901737184,1,0,1,"No",2,2,"Ovibos_moschatus","-127.99072_67.48333",5.53211846823539,17
"277",-0.666666667,-4,"Mammals",-2.63936804926794,1,0,7,"No",2,2,"Peromyscus_maniculatus","-113.716_62.642",1.32797162362301,6
"278",0.180522605,4.332542525,"Mammals",-2.86684631982413,0,0,7,"No",2,2,"Peromyscus_maniculatus","-123.29_60.39",1.32797162362301,24
"279",0.031478392,0.472175878,"Mammals",-1.75061573639726,0,0.0208859269984665,7,"No",2,2,"Peromyscus_maniculatus","-113.6063_61.22658",1.32797162362301,15
"280",-0.104760734,-2.828539818,"Mammals",-2.50711324080504,0,0,7,"No",2,2,"Peromyscus_maniculatus","-122_62",1.32797162362301,27
"281",-0.01546051,-0.432894282,"Mammals",-1.67655304365803,2,1.20912678931545,7,"No",2,2,"Peromyscus_maniculatus","-111.8833333_60",1.32797162362301,28
"282",1,9,"Mammals",-2.43305054806582,1,0,7,"No",2,2,"Peromyscus_maniculatus","-113.1833333_63.08333333",1.32797162362301,9
"283",0.167994986,1.007969915,"Mammals",-2.84568555047006,1,0,7,"No",2,2,"Peromyscus_maniculatus","-111.53_60.3",1.32797162362301,6
"284",0.028788704,0.748506296,"Mammals",-3.21599901416618,0,0,7,"No",2,2,"Peromyscus_maniculatus","-114.26_62.24",1.32797162362301,26
"285",0.035444383,0.921553965,"Mammals",-0.0736247650876943,1,0.0180748424719708,2,"No",2,2,"Rangifer_tarandus","-66.254263_48.944718",4.93467001417186,26
"286",0.026606734,0.984449168,"Mammals",-0.147687457826918,0,0,2,"No",2,2,"Rangifer_tarandus","-56.33304_48.60645",4.93467001417186,37
"287",-0.017457253,-0.645918363,"Mammals",-0.480969575153424,1,0,2,"No",2,2,"Rangifer_tarandus","-62.4353_54.17529",4.93467001417186,37
"288",0.188963169,0.944815847,"Mammals",-2.60233670289833,1,0,2,"No",2,2,"Rangifer_tarandus","-108_56.91",4.93467001417186,5
"289",0.047242266,1.275541189,"Mammals",-2.60233670289833,1,0,2,"No",2,2,"Rangifer_tarandus","-108_56.91",4.93467001417186,27
"290",0.023126507,0.647542207,"Mammals",-0.872443808203606,5,0.0736577443350914,2,"No",2,2,"Rangifer_tarandus","-120.69689_50.25503",4.93467001417186,28
"291",0.018914446,0.529604495,"Mammals",-0.45980880579936,6,0.478649080664118,2,"No",2,2,"Rangifer_tarandus","-119.03137_49.85923",4.93467001417186,28
"292",0.022652894,0.634281029,"Mammals",-0.438648036445296,4,0.755482214256504,2,"No",2,2,"Rangifer_tarandus","-116.81213_49.70849",4.93467001417186,28
"293",0.035109873,0.983076451,"Mammals",-2.40659958637324,1,0,2,"No",2,2,"Rangifer_tarandus","-123.45536_52.40318",4.93467001417186,28
"294",0.044317452,1.240888646,"Mammals",-2.27963497024886,3,0,2,"No",2,2,"Rangifer_tarandus","-129.83266_54.24977",4.93467001417186,28
"295",0.03645426,1.020719266,"Mammals",-2.83510516579303,1,0,2,"No",2,2,"Rangifer_tarandus","-124.77368_55.95301",4.93467001417186,28
"296",0.040882462,1.144708931,"Mammals",-3.68153593995559,0,0,2,"No",2,2,"Rangifer_tarandus","-124.89257_58.05463",4.93467001417186,28
"297",0.279282258,1.675693548,"Mammals",-3.31651266859799,1,0,2,"No",2,2,"Rangifer_tarandus","-128.9788944_59.498332",4.93467001417186,6
"298",0.047301055,1.702837983,"Mammals",-3.26890093755134,0,0,2,"No",2,2,"Rangifer_tarandus","-107.75302_70.950718",4.93467001417186,36
"299",-0.000859088,-0.024913565,"Mammals",-3.60218305487785,1,0,2,"No",2,2,"Rangifer_tarandus","-130.64941_69.33383",4.93467001417186,29
"300",0.00183236,0.054970803,"Mammals",-3.7185672863252,1,0,2,"No",2,2,"Rangifer_tarandus","-128.32031_68.95839",4.93467001417186,30
"301",0.060561824,0.847865538,"Mammals",-3.66037517060152,0,0,2,"No",2,2,"Rangifer_tarandus","-117.72949_66.94727",4.93467001417186,14
"302",0.121795991,0.852571934,"Mammals",-3.46463805407643,1,0,2,"No",2,2,"Rangifer_tarandus","-131.48437_69.79413",4.93467001417186,7
"303",0.02708583,1.245948176,"Mammals",-3.80321036374146,0,0,2,"No",2,2,"Rangifer_tarandus","-139.96582_68.73638",4.93467001417186,46
"304",0.004922388,0.226429826,"Mammals",-3.05200305167219,1,0,2,"No",2,2,"Rangifer_tarandus","-111.40137_64.94216",4.93467001417186,46
"305",0.023204714,0.951393265,"Mammals",-3.16838728311954,0,0,2,"No",2,2,"Rangifer_tarandus","-104.41406_65.07213",4.93467001417186,41
"306",0.043015953,0.946350973,"Mammals",-2.17383112347854,1,0,6,"No",2,2,"Ursus_arctos","-117.30102_52.42922",5.25652633528169,22
"307",-0.6,-3,"Mammals",-2.68168958797607,1,0,1,"Yes",2,0,"Lemmus_trimucronatus","-100.25_67.23333",1.84397984447816,5
"308",0.020636041,0.165088328,"Mammals",-0.147687457826918,5,0.318051371498164,4,"Yes",0,1,"Cynomys_ludovicianus","-107.75_49.116667",3.13481437032046,8
"309",0.014666596,0.601330424,"Mammals",-3.59160267020082,0,0,3,"Yes",1,1,"Ovis_dalli","-137.63309_60.62855",4.74547000714474,41
"310",0.028114433,1.12457731,"Mammals",-3.84024171011107,1,0,3,"Yes",1,1,"Ovis_dalli","-139.25399_61.08265",4.74547000714474,40
"311",0.029705474,1.21792445,"Mammals",-2.7240111266842,0,0,3,"Yes",1,1,"Ovis_dalli","-138.57067_61.01606",4.74547000714474,41
"312",0.02334424,0.95711384,"Mammals",-3.62334382423191,1,0,3,"Yes",1,1,"Ovis_dalli","-138.46925_60.88405",4.74547000714474,41
"313",0.036913478,0.885923482,"Mammals",-0.10536591911879,1,0.0142988030411099,3,"Yes",2,2,"Alces_americanus","-65.03208_45.61686",5.73356673184349,24
"314",0.05926701,1.126073195,"Mammals",-0.507420536846004,1,0.0666094088264512,5,"Yes",2,2,"Lontra_canadensis","-64.97373_46.85842",3.90780999769773,19
"315",0.033237103,1.462432517,"Mammals",-0.507420536846004,1,0.0666094088264512,2,"Yes",0,0,"Castor_canadensis","-64.97373_46.85842",4.33885474625232,44
"316",0.049521112,2.079886725,"Mammals",-0.86715361586509,2,0.328276435237367,6,"No",1,2,"Phoca_vitulina","-125.0032_53.99983",5,42
"317",0.044445224,0.800014041,"Mammals",-1.99396458396899,2,0.722742686458783,2,"No",2,2,"Myodes_rutilus","-135.883333_63.583333",1.29972515397564,18
"318",0.039291785,0.707252132,"Mammals",-0.883024192880638,6,2.15702264057339,2,"No",2,2,"Myodes_rutilus","-135.05_60.716667",1.29972515397564,18
"319",0.071457327,0.92894525,"Mammals",-1.95693323759938,2,0.703961677247622,2,"No",2,2,"Myodes_rutilus","-133.35_62.216667",1.29972515397564,13
"320",0.062352361,0.872933049,"Mammals",-2.10505862307783,2,0.475856922933335,2,"No",2,2,"Myodes_rutilus","-128.7_60.05",1.29972515397564,14
"321",0.026022996,0.468413929,"Mammals",-0.883024192880638,6,2.15702264057339,7,"No",2,2,"Peromyscus_maniculatus","-135.05_60.716667",1.32797162362301,18
"322",0.015226061,0.258843034,"Mammals",-1.99396458396899,2,0.722742686458783,3,"No",2,2,"Lepus_americanus","-135.883333_63.583333",3.23300118983007,17
"323",0.02251189,0.36019024,"Mammals",-1.95693323759938,2,0.703961677247622,3,"No",2,2,"Lepus_americanus","-133.35_62.216667",3.23300118983007,16
"324",0.128489723,2.184325283,"Mammals",-2.10505862307783,2,0.475856922933335,3,"No",2,2,"Lepus_americanus","-128.7_60.05",3.23300118983007,17
"325",0.0364086,0.546128996,"Mammals",-0.883024192880638,6,2.15702264057339,3,"No",2,2,"Lepus_americanus","-135.05_60.716667",3.23300118983007,15
"326",0.031368781,0.721481955,"Mammals",-1.99396458396899,2,0.722742686458783,3,"No",2,2,"Lynx_canadensis","-135.883333_63.583333",3.97189020052915,23
"327",0.069297042,2.425396471,"Mammals",-3.89314363349623,0,0,1,"No",2,2,"Martes_americana","-138.2_61.95",3.09691001300806,35
"328",0.057878704,2.025754657,"Mammals",-3.89314363349623,0,0,6,"No",2,2,"Mustela_erminea","-138.2_61.95",2.07693157455566,35
"329",-0.189109014,-4.349507314,"Mammals",-1.99396458396899,2,0.722742686458783,6,"No",2,2,"Vulpes_vulpes","-135.883333_63.583333",3.73847692173294,23
"330",0.012749942,0.293248675,"Mammals",-1.99396458396899,2,0.722742686458783,1,"No",2,2,"Martes_americana","-135.883333_63.583333",3.09691001300806,23
"331",0.023214877,0.533942179,"Mammals",-1.99396458396899,2,0.722742686458783,6,"No",2,2,"Mustela_erminea","-135.883333_63.583333",2.07693157455566,23
"332",-0.116804667,-4.08816334,"Mammals",-3.89314363349623,0,0,6,"No",2,2,"Vulpes_vulpes","-138.2_61.95",3.73847692173294,35
"333",0.015179341,0.166972751,"Mammals",-1.54958842753365,1,0.0791812525191167,3,"No",2,2,"Phenacomys_intermedius","-116.75_51.3",1.40140054078154,11
"334",-0.04491712,-0.494088325,"Mammals",-1.54958842753365,1,0.0791812525191167,6,"No",2,2,"Microtus_longicaudus","-116.75_51.3",1.66940986728778,11
"335",0.292516359,3.217679944,"Mammals",-1.54958842753365,1,0.0791812525191167,6,"No",2,2,"Microtus_pennsylvanicus","-116.75_51.3",1.56525734342021,11
"336",0.042685128,0.896387698,"Mammals",-1.80351765978242,4,0,10,"No",1,1,"Odocoileus_hemionus","-126.681389_50.247778",4.73409999592406,21
"337",0.031566409,0.410363314,"Mammals",-1.31152977230043,3,0,3,"Yes",1,2,"Cervus_elaphus","-115.5_51.5",5.14711072414856,13
"338",0.095895547,1.05485102,"Mammals",-1.4014630420552,2,0.159791873281591,6,"No",2,2,"Ursus_arctos","-122.5_50.5",5.25652633528169,11
"339",0.070247826,0.913221738,"Mammals",-1.73474515938171,0,0,6,"Yes",2,2,"Ursus_arctos","-121.849148_49.98587",5.25652633528169,13
"340",0.119080808,0.833565654,"Mammals",-1.41204342673224,0,0,8,"Yes",2,2,"Bison_bison","-106.65_53.733333",5.62935237244692,7
"341",0.027643849,0.774027766,"Mammals",-1.50197669648701,0,0,3,"No",2,2,"Alces_americanus","-102.7_53.73",5.73356673184349,28
"342",-0.159670259,-1.117691814,"Mammals",1.20660178083317,8,1.32753439240385,3,"No",2,2,"Myotis_lucifugus","-79.43772_42.87782",0.883661435153618,7
"343",0.196111863,1.372783041,"Mammals",1.20660178083317,8,1.32753439240385,4,"No",2,2,"Eptesicus_fuscus","-79.43772_42.87782",1.21642983087625,7
"344",0.060202328,0.662225608,"Mammals",-2.66581901096052,0,0,3,"No",2,2,"Antilocapra_americana","-98_60",4.66353998994009,11
"345",0.260467479,1.823272355,"Mammals",1.62981716791445,11,2.78362014717046,2,"Yes",2,0,"Myodes_gapperi","-73.19306_45.5675",1.2973227142053,7
"346",-0.199288178,-3.985763551,"Mammals",-0.100075726780274,3,0.000410225895437185,1,"Yes",2,2,"Glaucomys_sabrinus","-78.523333_45.595278",2.22010808804005,20
"347",0.013449766,0.363143688,"Mammals",-3.10490497505735,1,0,3,"No",2,2,"Marmota_vancouverensis","-125.83333_49.66667",3.79933986009671,27
"348",0.040589611,0.933561054,"Mammals",-0.100075726780274,3,0.000410225895437185,1,"No",2,2,"Martes_americana","-78.6_45.56667",3.09691001300806,23
"349",0.065711484,1.314229677,"Mammals",1.16428024212504,9,2.11047095091245,1,"Yes",1,1,"Martes_americana","-79.3_45.0333",3.09691001300806,20
"350",-0.284895993,-1.994271952,"Mammals",1.62981716791445,11,2.78362014717046,3,"Yes",2,0,"Napaeozapus_insignis","-73.19306_45.5675",1.34830486304816,7
"351",0.043008274,0.860165485,"Mammals",-0.100075726780274,3,0.000410225895437185,7,"Yes",2,2,"Peromyscus_maniculatus","-78.523333_45.595278",1.32797162362301,20
"352",0.114761793,1.032856141,"Mammals",-1.80880785212093,1,0,4,"Yes",2,2,"Spermophilus_columbianus","-114.65_50.61667",2.54292496729468,9
"353",-0.165832063,-1.160824442,"Mammals",1.62981716791445,11,2.78362014717046,3,"Yes",2,0,"Tamias_striatus","-73.19306_45.5675",2.04886889573993,7
"354",0.017428295,0.348565896,"Mammals",-0.100075726780274,3,0.000410225895437185,1,"Yes",2,2,"Tamiasciurus_hudsonicus","-78.523333_45.595278",2.30356321591725,20
"355",0.216816699,1.300900191,"Mammals",-0.602643998939292,2,0.0150522984912775,2,"Yes",2,1,"Vulpes_velox","-107.497222_49.18",3.34193086005295,6
"356",0.134959131,0.944713919,"Mammals",-2.58646612588278,1,0,2,"No",2,2,"Vulpes_velox","-109.86333_55.37833",3.34193086005295,7
"357",0.124578205,0.622891025,"Mammals",-3.20012843715063,2,0,2,"Yes",2,2,"Myotis_keenii","-132.33333_53.25",0.797267540830716,5
"358",0.211863765,1.059318824,"Mammals",-3.20012843715063,2,0,3,"Yes",2,2,"Myotis_lucifugus","-132.33333_53.25",0.883661435153618,5
"359",0.015693466,0.408030126,"Mammals",-2.93561882022484,0,0,2,"No",2,2,"Rangifer_tarandus","-111.5_75.5",4.93467001417186,26
"360",0.001305947,0.032648683,"Mammals",-3.23715978352025,1,0,2,"No",1,2,"Rangifer_tarandus","-119.5_76.75",4.93467001417186,25
"361",-0.03993464,-0.559084964,"Mammals",-3.31122247625947,0,0,2,"No",1,2,"Rangifer_tarandus","-110_71",4.93467001417186,14
"362",0.0754603,2.188348704,"Mammals",-2.36427804766511,1,0,8,"Yes",2,2,"Bison_bison","-122.86667_57.05",5.62935237244692,29
"363",0.189125549,1.134753292,"Mammals",-2.69756016499162,1,0,1,"No",2,2,"Dicrostonyx_groenlandicus","-108.9_67.983333",1.73559889969818,6
"364",1,7,"Mammals",-2.68697978031458,1,0,1,"No",2,2,"Dicrostonyx_groenlandicus","-108.25_68.33333",1.73559889969818,7
"365",1,7,"Mammals",-2.5917563182213,1,0,1,"No",2,2,"Dicrostonyx_groenlandicus","-106.83333_68.11667",1.73559889969818,7
"366",0.280593466,1.683560798,"Mammals",-2.81923458877748,1,0,1,"No",2,2,"Dicrostonyx_groenlandicus","-108.58333_68.91667",1.73559889969818,6
"367",1,6,"Mammals",-2.76633266539232,1,0,1,"No",2,2,"Dicrostonyx_groenlandicus","-110.21667_68.05",1.73559889969818,6
"368",0.277763062,1.111052249,"Mammals",0.058630043375205,6,0.860574650521776,1,"No",2,0,"Martes_americana","-121.8_55.7",3.09691001300806,4
"369",0.08623774,0.4311887,"Mammals",-2.25847420089479,3,0.930691623246874,6,"No",2,0,"Ursus_arctos","-126.75_52.36667",5.25652633528169,5
"370",0.167622445,0.838112225,"Mammals",-2.25847420089479,3,0.930691623246874,6,"No",1,0,"Ursus_arctos","-126.75_52.36667",5.25652633528169,5
"371",0.023687808,0.592195208,"Mammals",-2.35898785532659,0,0.0141193235973194,3,"No",0,0,"Lepus_americanus","-138_61",3.23300118983007,25
"372",0.021431747,0.535793684,"Mammals",-2.35898785532659,0,0.0141193235973194,3,"No",0,0,"Lepus_americanus","-138_61",3.23300118983007,25
"373",0.13704351,1.096348078,"Mammals",-2.69756016499162,0,0,3,"No",2,0,"Lepus_americanus","-135.33333_60.25",3.23300118983007,8
"374",0.105351317,0.842810539,"Mammals",-2.69756016499162,0,0,3,"No",2,2,"Lynx_canadensis","-135.33333_60.25",3.97189020052915,8
"375",0.017044197,0.562458516,"Mammals",-2.40130939403472,0,0,8,"Yes",2,0,"Bison_bison","-113_60",5.62935237244692,33
"376",0.035616059,1.068481769,"Mammals",-2.27963497024886,2,0.522303716976755,2,"No",2,2,"Orcinus_orca","-124.067222_49.4825",6.63346845557959,30
"377",0.047079822,0.659117514,"Mammals",-4.31635902057751,1,0,5,"Yes",2,0,"Canis_latrans","-139.5_60.75",4.1273099054512,14
"378",0.361133188,6.500397381,"Mammals",-4.31635902057751,1,0,1,"Yes",2,0,"Martes_americana","-139.5_60.75",3.09691001300806,18
"379",0.087556394,1.576015095,"Mammals",-4.31635902057751,1,0,7,"Yes",2,0,"Mustela_nivalis","-139.5_60.75",2.01653194095727,18
"380",0.101380931,0.811047452,"Mammals",-4.31635902057751,1,0,3,"Yes",1,0,"Alces_americanus","-139.5_60.75",5.73356673184349,8
"381",0.074649696,0.970446044,"Mammals",-3.25832055287431,1,0,2,"No",1,2,"Castor_canadensis","-127.07889_65.48111",4.33885474625232,13
"382",0.092181631,1.198361205,"Mammals",-3.70798690164817,1,0,2,"No",1,2,"Castor_canadensis","-129.614304_66.090625",4.33885474625232,13
"383",0.073457722,0.954950388,"Mammals",-3.59160267020082,0,0,2,"No",1,2,"Castor_canadensis","-119.16667_62.16667",4.33885474625232,13
"384",-0.666666667,-4,"Mammals",0.381331776024679,6,3.4173694636108,6,"No",2,0,"Mustela_erminea","-113.5_53.55",2.07693157455566,6
"385",-0.666666667,-4,"Mammals",-2.15267035412447,0,0,3,"No",2,0,"Mustela_frenata","-111.06667_58.45",2.16731733474818,6
"386",-0.666666667,-4,"Mammals",-2.15267035412447,0,0,3,"No",2,0,"Neovison_vison","-111.06667_58.45",2.95580797024006,6
"387",0.09234605,0.554076301,"Mammals",-2.15267035412447,0,0,1,"No",2,0,"Tamiasciurus_hudsonicus","-111.06667_58.45",2.30356321591725,6
"388",-0.666666667,-4,"Mammals",-2.15267035412447,0,0,1,"No",2,0,"Glaucomys_sabrinus","-111.06667_58.45",2.22010808804005,6
"389",-0.184484975,-1.106909849,"Mammals",0.0321790816826252,5,0.486184378085509,3,"No",0,2,"Lepus_americanus","-113.44917_54.37139",3.23300118983007,6
"390",0.024995321,0.149971926,"Mammals",-2.15267035412447,0,0,5,"No",2,0,"Spermophilus_franklinii","-111.06667_58.45",2.59813364581324,6
"391",0.092309423,0.553856538,"Mammals",-2.15267035412447,0,0,3,"No",2,0,"Erethizon_dorsata","-111.06667_58.45",3.90361787669767,6
"392",0.122585246,0.735511478,"Mammals",-2.15267035412447,0,0,4,"No",2,0,"Mephitis_mephitis","-111.06667_58.45",3.31911022518411,6
"393",0.057630962,1.498405008,"Mammals",-0.100075726780274,3,0.000410225895437185,2,"Yes",2,0,"Myodes_gapperi","-78.523333_45.595278",1.2973227142053,26
"394",0.141288346,3.67349699,"Mammals",-0.100075726780274,3,0.000410225895437185,4,"Yes",2,0,"Sorex_cinereus","-78.523333_45.595278",0.66838591669,26
"395",0.06117546,1.590561968,"Mammals",-0.100075726780274,3,0.000410225895437185,3,"Yes",2,0,"Napaeozapus_insignis","-78.523333_45.595278",1.34830486304816,26
"396",0.064259945,1.67075857,"Mammals",-0.100075726780274,3,0.000410225895437185,3,"Yes",2,0,"Tamias_striatus","-78.523333_45.595278",2.04886889573993,26
"397",0.05105167,1.327343412,"Mammals",-0.100075726780274,3,0.000410225895437185,3,"Yes",2,0,"Blarina_brevicauda","-78.523333_45.595278",1.44715803134222,26
"398",0.05146888,1.389659766,"Mammals",-1.67655304365803,2,0.0116026056085729,2,"No",2,2,"Ovis_canadensis","-125_55",4.87300002419761,27
"399",0.032907836,0.954327253,"Mammals",-2.86684631982413,0,0,2,"No",2,0,"Rangifer_tarandus","-100_75.66667",4.93467001417186,29
"400",0.211914796,1.483403574,"Mammals",1.62981716791445,11,2.78362014717046,3,"Yes",2,0,"Blarina_brevicauda","-73.19_45.57",1.44715803134222,7
"401",0.023205145,0.37128232,"Mammals",-4.31635902057751,1,0,2,"Yes",2,0,"Spermophilus_parryii","-139.5_60.75",2.83204882787277,16
"402",0.024023608,0.192188868,"Mammals",-1.07876130940573,1,0.0781299221303387,6,"No",0,2,"Phoca_vitulina","-60_43.91667",5,8
"403",0.122634408,2.697956984,"Mammals",-4.31635902057751,1,0,2,"Yes",0,2,"Microtus_miurus","-139.5_60.75",1.61278385671974,22
"404",-0.002845623,-0.036993098,"Mammals",-2.08389785372376,0,0,1,"Yes",0,0,"Lemmus_trimucronatus","-80_73.13333",1.84397984447816,13
"405",0.065153704,0.846998156,"Mammals",-2.08389785372376,0,0,1,"Yes",0,0,"Dicrostonyx_groenlandicus","-80_73.13333",1.73559889969818,13
"406",0.111111111,1,"Mammals",-2.0944782384008,0,0,1,"Yes",0,0,"Lemmus_trimucronatus","-79.91667_72.88333",1.84397984447816,9
"407",0.051373168,0.462358508,"Mammals",-2.0944782384008,0,0,1,"Yes",0,0,"Dicrostonyx_groenlandicus","-79.91667_72.88333",1.73559889969818,9
"408",0.443328304,2.659969823,"Mammals",-2.68168958797607,1,0,1,"Yes",0,0,"Dicrostonyx_groenlandicus","-100.25_67.23333",1.73559889969818,6
"409",0.10818178,1.081817799,"Mammals",-2.34311727831105,0,0.00131366139664928,3,"No",0,0,"Lepus_americanus","-138.2_60.95",3.23300118983007,10
"410",0.035203473,1.020900718,"Mammals",-2.13150958477041,0,0,2,"No",2,2,"Rangifer_tarandus","-85.375154_64.429634",4.93467001417186,29
"411",0.07843136,0.862744965,"Mammals",-1.76119612107429,0,0.0241929994834177,3,"Yes",2,2,"Cervus_elaphus","-117.953929_52.872871",5.14711072414856,11
"412",0.049278874,1.08413523,"Mammals",-2.10505862307783,0,0,1,"Yes",2,2,"Vulpes_lagopus","-79.953504_72.926374",3.55441283376475,22
"413",0.036252105,0.688789992,"Mammals",-2.10505862307783,0,0,6,"Yes",2,2,"Vulpes_vulpes","-79.953504_72.926374",3.73847692173294,19
"414",0.334271244,1.337084977,"Mammals",-2.38014862468066,4,0.727837373746606,7,"Yes",2,2,"Canis_lupus","-125.173875_48.782655",4.50763097841445,4
"415",0.25256532,1.010261279,"Mammals",-2.38014862468066,4,0.727837373746606,10,"Yes",2,2,"Odocoileus_hemionus","-125.173875_48.782655",4.73409999592406,4
"416",0.383108966,1.532435865,"Mammals",-2.38014862468066,4,0.727837373746606,2,"Yes",2,2,"Procyon_lotor","-125.173875_48.782655",3.74232992419066,4
"417",0.243449944,0.973799776,"Mammals",-2.38014862468066,4,0.727837373746606,1,"Yes",2,2,"Tamiasciurus_hudsonicus","-125.173875_48.782655",2.30356321591725,4
"418",0.024956279,0.44921302,"Mammals",-0.888314385219154,0,0.008783231006155,3,"Yes",2,2,"Cervus_elaphus","-100.131889_50.855683",5.14711072414856,18
"419",0.396536143,1.189608429,"Mammals",1.13253908809395,9,1.11930035232883,5,"No",2,2,"Peromyscus_leucopus","-76.318333_44.568605",1.32572085801941,3
"420",0.057424544,1.148490881,"Mammals",-0.888314385219154,0,0.008783231006155,7,"Yes",2,2,"Canis_lupus","-100.131889_50.855683",4.50763097841445,20
"421",0.031661311,1.203129803,"Mammals",-4.31635902057751,1,0,3,"Yes",2,2,"Alces_americanus","-139.500032_60.749785",5.73356673184349,38
"422",0.02574243,1.003954753,"Mammals",-4.31635902057751,1,0,4,"Yes",2,2,"Oreamnos_americanus","-139.500032_60.749785",4.86033998335517,39
"423",0.053081882,0.796228223,"Mammals",-2.40130939403472,0,0,8,"Yes",2,2,"Bison_bison","-113_60",5.62935237244692,15
"424",0.038254198,0.612067165,"Mammals",-2.76633266539232,1,0,4,"Yes",2,2,"Oreamnos_americanus","-115.907102_51.474303",4.86033998335517,16
"425",0.203660599,1.018302996,"Mammals",-3.55986151616972,1,0,1,"Yes",2,2,"Dicrostonyx_groenlandicus","-121.749045_68.818597",1.73559889969818,5
"426",0.062284258,0.934263867,"Mammals",0.746355047382282,3,0.159024972227264,3,"Yes",2,2,"Alces_americanus","-60.782507_46.459772",5.73356673184349,15
"427",0.024803059,1.140940699,"Mammals",0.074500620390753,3,0.138078100504602,3,"Yes",2,2,"Cervus_elaphus","-113.916677_49.082947",5.14711072414856,46
"428",0.036601911,0.732038217,"Mammals",-3.45934786173792,0,0,2,"Yes",2,2,"Rangifer_tarandus","-125.500502_61.500436",4.93467001417186,20
"429",0.056196261,1.011532706,"Mammals",-3.48050863109198,0,0,1,"Yes",2,2,"Lemmus_trimucronatus","-119.436831_73.712357",1.84397984447816,18
"430",0.071854054,0.790394598,"Mammals",-2.25847420089479,4,1.21023443942159,2,"No",2,2,"Rangifer_tarandus","-133.0076_69.435747",4.93467001417186,11
"431",0.050097291,0.751459368,"Mammals",0.497716007472031,2,0.0468840348208771,3,"Yes",2,2,"Alces_americanus","-60.722076_46.7213",5.73356673184349,15
"432",0.030650689,1.471233055,"Mammals",-0.115946303795822,5,0.335554754345232,3,"Yes",2,2,"Alces_americanus","-112.857039_53.637361",5.73356673184349,48
"433",0.002270425,0.108980391,"Mammals",-0.115946303795822,5,0.335554754345232,3,"Yes",2,2,"Alces_americanus","-112.857039_53.637361",5.73356673184349,48
"434",0.042306326,2.030703633,"Mammals",-0.115946303795822,5,0.335554754345232,8,"Yes",2,2,"Bison_bison","-112.857039_53.637361",5.62935237244692,48
"435",0.017834719,0.856066534,"Mammals",-0.115946303795822,5,0.335554754345232,8,"Yes",2,2,"Bison_bison","-112.857039_53.637361",5.62935237244692,48
"436",0.032909027,1.513815255,"Mammals",-0.0736247650876943,2,0.0246990331471741,7,"Yes",2,2,"Canis_lupus","-72.957967_46.778085",4.50763097841445,46
"437",0.031403655,1.444568135,"Mammals",-0.0736247650876943,2,0.0246990331471741,7,"Yes",2,2,"Canis_lupus","-72.957967_46.778085",4.50763097841445,46
"438",0.034115324,0.784652458,"Mammals",-2.93561882022484,0,0,2,"No",2,2,"Rangifer_tarandus","-111.5_75.5",4.93467001417186,23
"439",0.03454144,1.036243209,"Mammals",-2.27434477791034,0,0,2,"No",2,2,"Rangifer_tarandus","-94.68017_62.58322",4.93467001417186,30
"440",0.021927169,0.877086766,"Mammals",-4.31635902057751,1,0,3,"Yes",2,2,"Alces_americanus","-139.500032_60.749785",5.73356673184349,40
"441",0.13430227,1.745929515,"Mammals",-0.581483229585228,2,0.00958880227431365,8,"Yes",2,2,"Bison_bison","-107.42122_49.12489",5.62935237244692,13
"442",0.07193317,1.438663393,"Mammals",0.180304467161072,4,0.155010406063452,3,"No",2,1,"Cervus_elaphus","-102.56561_49.90348",5.14711072414856,20
